screen_name,search_term
pnut,from:pnut
jessicaalba,from:jessicaalba
ActuallyNPH,from:ActuallyNPH
EYJr,from:EYJr
MCRofficial,from:MCRofficial
RM_Foundation,from:RM_Foundation
HankAzaria,from:HankAzaria
tomwaits,from:tomwaits
MillaJovovich,from:MillaJovovich
YaoMing,from:YaoMing
JLo,from:JLo
TherealTaraji,from:TherealTaraji
duttypaul,from:duttypaul
anthonyedwards,from:anthonyedwards
AvanJogia,from:AvanJogia
randyjackson8,from:randyjackson8
AlecJRoss,from:AlecJRoss
s_vakarchuk,from:s_vakarchuk
StephenColletti,from:StephenColletti
jem,from:jem
tonyparker,from:tonyparker
BachusAL06,from:BachusAL06
DeptVetAffairs,from:DeptVetAffairs
Al_Horford,from:Al_Horford
carlosbeltran15,from:carlosbeltran15
vitorbelfort,from:vitorbelfort
holyfield,from:holyfield
jeff_green22,from:jeff_green22
DP_57,from:DP_57
johnwoodRTR,from:johnwoodRTR
bubbawatson,from:bubbawatson
TomJackson57,from:TomJackson57
CharlizeAfrica,from:CharlizeAfrica
LauraPausini,from:LauraPausini
gallinari8888,from:gallinari8888
jamesmaslow,from:jamesmaslow
robbiewilliams,from:robbiewilliams
AshleyMGreene,from:AshleyMGreene
edhornick,from:edhornick
mattdusk,from:mattdusk
ReggieEvans30,from:ReggieEvans30
GreenDay,from:GreenDay
lindsaylohan,from:lindsaylohan
CarlyFiorina,from:CarlyFiorina
SarahPalinUSA,from:SarahPalinUSA
TheRealStanLee,from:TheRealStanLee
thedavidcook,from:thedavidcook
RachelNichols1,from:RachelNichols1
RoomtoRead,from:RoomtoRead
Coolio,from:Coolio
ReggieBush,from:ReggieBush
EdwardNorton,from:EdwardNorton
jk_rowling,from:jk_rowling
AndersFoghR,from:AndersFoghR
RedHourBen,from:RedHourBen
TeamLou23,from:TeamLou23
Robbie_OC,from:Robbie_OC
KAKA,from:KAKA
RoeConn,from:RoeConn
josiahandthe,from:josiahandthe
iansomerhalder,from:iansomerhalder
begspoker,from:begspoker
OKKenna,from:OKKenna
nickjonas,from:nickjonas
julianobelletti,from:julianobelletti
shahidkapoor,from:shahidkapoor
ciro7oficial,from:ciro7oficial
LeeNguyen24,from:LeeNguyen24
BilbrayCA50,from:BilbrayCA50
SimplyAJ10,from:SimplyAJ10
carrieanninaba,from:carrieanninaba
beck,from:beck
BillCosby,from:BillCosby
crookedvultures,from:crookedvultures
CP3,from:CP3
howiemandel,from:howiemandel
thefalloftroy,from:thefalloftroy
kirkmorrison,from:kirkmorrison
crystaltamar,from:crystaltamar
JimCarrey,from:JimCarrey
YO_RANDYJACKSON,from:YO_RANDYJACKSON
ColinCowherd,from:ColinCowherd
MichelleDBeadle,from:MichelleDBeadle
BlondieOfficial,from:BlondieOfficial
MauriceEdu,from:MauriceEdu
AdamSchefter,from:AdamSchefter
SeanSingletary,from:SeanSingletary
stephenjcannell,from:stephenjcannell
PSOE,from:PSOE
KrisAllen,from:KrisAllen
LucianoBurti,from:LucianoBurti
chucktodd,from:chucktodd
georgelopez,from:georgelopez
AntonioPizzonia,from:AntonioPizzonia
CharlieDavies9,from:CharlieDavies9
cypresshill,from:cypresshill
williecolon,from:williecolon
AkshayaPatraUSA,from:AkshayaPatraUSA
Nicole_Murphy,from:Nicole_Murphy
13POB13,from:13POB13
TonyBesson,from:TonyBesson
justbrad23,from:justbrad23
HHShkMohd,from:HHShkMohd
Buckcherry,from:Buckcherry
jettheband,from:jettheband
TakeoSpikes51,from:TakeoSpikes51
FloydMayweather,from:FloydMayweather
lorenarojas,from:lorenarojas
vkhosla,from:vkhosla
themichellewie,from:themichellewie
IAmAnushka,from:IAmAnushka
gilbirmingham,from:gilbirmingham
TheVickyHurst,from:TheVickyHurst
markschlereth,from:markschlereth
seanhannity,from:seanhannity
TiaCarrere,from:TiaCarrere
cameronbright,from:cameronbright
NathanPacheco,from:NathanPacheco
TravieMcCoy,from:TravieMcCoy
Residente,from:Residente
FreddyAdu,from:FreddyAdu
DeRayDavis,from:DeRayDavis
ChrisGorham,from:ChrisGorham
Erik_Seidel,from:Erik_Seidel
DJWhooKid,from:DJWhooKid
kaj33,from:kaj33
JenniferPreston,from:JenniferPreston
RudyGay,from:RudyGay
Pamela_Brunson,from:Pamela_Brunson
LizGillies,from:LizGillies
james_a_michael,from:james_a_michael
MMRAW,from:MMRAW
ChrisJohnson28,from:ChrisJohnson28
QuincyDJones,from:QuincyDJones
saraevansmusic,from:saraevansmusic
russwest44,from:russwest44
KDTrey5,from:KDTrey5
aliciakeys,from:aliciakeys
OfficialSisQo,from:OfficialSisQo
joseserra_,from:joseserra_
VerticalHorizon,from:VerticalHorizon
aaroncarter,from:aaroncarter
richeisen,from:richeisen
WarrenSapp,from:WarrenSapp
ArianaGrande,from:ArianaGrande
schzimmydeanie,from:schzimmydeanie
10years,from:10years
JozyAltidore,from:JozyAltidore
nflcommish,from:nflcommish
WHOSTP44,from:WHOSTP44
ChristianKeyes,from:ChristianKeyes
shannonleetweed,from:shannonleetweed
cocolee117,from:cocolee117
bobburnquist,from:bobburnquist
khloekardashian,from:khloekardashian
BigMay42,from:BigMay42
BrettRatner,from:BrettRatner
CharmCityDevils,from:CharmCityDevils
TGRFound,from:TGRFound
shawnieora,from:shawnieora
TexDolly,from:TexDolly
Tahj_Mowry,from:Tahj_Mowry
zacf_129979472,from:zacf_129979472
wingoz,from:wingoz
NathanFillion,from:NathanFillion
ToddBrunson,from:ToddBrunson
Im_Just_Chloe,from:Im_Just_Chloe
AMCOUNTRYCNTWN,from:AMCOUNTRYCNTWN
Mc_Driver,from:Mc_Driver
francescadani,from:francescadani
SomethingToBurn,from:SomethingToBurn
LaurenLondon,from:LaurenLondon
VictoriaCoren,from:VictoriaCoren
mariamenounos,from:mariamenounos
SophiaFreshness,from:SophiaFreshness
MaxCollinsMusic,from:MaxCollinsMusic
TonyWasHere___,from:TonyWasHere___
ciara,from:ciara
Ginuwine,from:Ginuwine
mortreport,from:mortreport
Pink,from:Pink
ShaunPhillips95,from:ShaunPhillips95
grantimahara,from:grantimahara
TayDizm,from:TayDizm
robbierogers,from:robbierogers
MrBlackFrancis,from:MrBlackFrancis
GordonKljestan,from:GordonKljestan
sherwood,from:sherwood
nodoubt,from:nodoubt
jasonderulo,from:jasonderulo
TPAIN,from:TPAIN
robkardashian,from:robkardashian
Saliva,from:Saliva
Jessicaveronica,from:Jessicaveronica
nicolerichie,from:nicolerichie
JaredLeto,from:JaredLeto
Andy_Bloch,from:Andy_Bloch
VerneTroyer,from:VerneTroyer
stuholden,from:stuholden
justinbieber,from:justinbieber
thehitwoman,from:thehitwoman
ashleesimpson,from:ashleesimpson
Kenny_Mayne,from:Kenny_Mayne
charitywater,from:charitywater
Alyssa_Milano,from:Alyssa_Milano
jtimberlake,from:jtimberlake
KeriHilson,from:KeriHilson
BennyHarlem,from:BennyHarlem
rogerclemens,from:rogerclemens
JeffMadsenobv,from:JeffMadsenobv
MarleeMatlin,from:MarleeMatlin
Shinedown,from:Shinedown
RepGusBilirakis,from:RepGusBilirakis
MirandaCosgrove,from:MirandaCosgrove
SammieAlways,from:SammieAlways
TichaPenicheiro,from:TichaPenicheiro
Bridget,from:Bridget
AlvaroGarnero,from:AlvaroGarnero
SarahBrownUK,from:SarahBrownUK
JJ_Lin,from:JJ_Lin
DerrenBrown,from:DerrenBrown
PlayboyMic,from:PlayboyMic
KimKardashian,from:KimKardashian
ThaboSefolosha,from:ThaboSefolosha
PepeAguilar,from:PepeAguilar
UncleRUSH,from:UncleRUSH
lala,from:lala
ParisHilton,from:ParisHilton
FreeSol,from:FreeSol
MarlonWayans,from:MarlonWayans
DJCLUE,from:DJCLUE
Kandi,from:Kandi
ShashiTharoor,from:ShashiTharoor
Tyrese,from:Tyrese
leonthomas,from:leonthomas
MattBennett,from:MattBennett
JoelMadden,from:JoelMadden
eddieizzard,from:eddieizzard
AnnieDuke,from:AnnieDuke
brian_littrell,from:brian_littrell
howied,from:howied
nickcarter,from:nickcarter
kramergirl,from:kramergirl
jonasbrothers,from:jonasbrothers
THELASTVEGAS,from:THELASTVEGAS
marionraven,from:marionraven
terrellowens,from:terrellowens
NickHexum,from:NickHexum
RevRunWisdom,from:RevRunWisdom
druidDUDE,from:druidDUDE
deftones,from:deftones
SeanKingston,from:SeanKingston
NICQUEENCOLE,from:NICQUEENCOLE
SkyeTunes,from:SkyeTunes
Sia,from:Sia
selenagomez,from:selenagomez
mitchelmusso,from:mitchelmusso
DaniellaMonet,from:DaniellaMonet
SugarcultMarko,from:SugarcultMarko
KristinaShannon,from:KristinaShannon
LennyKravitz,from:LennyKravitz
afghanraiders,from:afghanraiders
kingsthings,from:kingsthings
itstayloryall,from:itstayloryall
DanWarp,from:DanWarp
Roothlus,from:Roothlus
RiskyBusinessMB,from:RiskyBusinessMB
AlexanderNoyes,from:AlexanderNoyes
doscareers,from:doscareers
SkillzVa,from:SkillzVa
frillneck,from:frillneck
jimjonescapo,from:jimjonescapo
JudyBiggert,from:JudyBiggert
JessicaBurciaga,from:JessicaBurciaga
DJMissBehavior,from:DJMissBehavior
danawhite,from:danawhite
ScottStapp,from:ScottStapp
shawnnamusic,from:shawnnamusic
AdrienneBailon,from:AdrienneBailon
EmilyOsment,from:EmilyOsment
myfabolouslife,from:myfabolouslife
RoyBlunt,from:RoyBlunt
JoeySantiago,from:JoeySantiago
DanicaPatrick,from:DanicaPatrick
kathygriffin,from:kathygriffin
latimesmuskal,from:latimesmuskal
Mike_Rann,from:Mike_Rann
jpmontoya,from:jpmontoya
michaelianblack,from:michaelianblack
LilyMazahery,from:LilyMazahery
ashleymonroe,from:ashleymonroe
MatthewBerryTMR,from:MatthewBerryTMR
30SECONDSTOMARS,from:30SECONDSTOMARS
SteveAustria,from:SteveAustria
jensstoltenberg,from:jensstoltenberg
PAULVANDYK,from:PAULVANDYK
CrissAngel,from:CrissAngel
nancyodell,from:nancyodell
DJPROSTYLE,from:DJPROSTYLE
Stroke9,from:Stroke9
jeremypiven,from:jeremypiven
beastieboys,from:beastieboys
MarielHemingway,from:MarielHemingway
bandofhorses,from:bandofhorses
BDUTT,from:BDUTT
RepJoeBarton,from:RepJoeBarton
julianperretta,from:julianperretta
RepKevinBrady,from:RepKevinBrady
HungryGirl,from:HungryGirl
jaysean,from:jaysean
thekillers,from:thekillers
CDCemergency,from:CDCemergency
MaryBonoUSA,from:MaryBonoUSA
DJDRAMA,from:DJDRAMA
BlairUnderwood,from:BlairUnderwood
JordinSparks,from:JordinSparks
justdemi,from:justdemi
LizHernandez,from:LizHernandez
chriscornell,from:chriscornell
Oprah,from:Oprah
operationsmile,from:operationsmile
llcoolj,from:llcoolj
LilJon,from:LilJon
Mike_Doughty_,from:Mike_Doughty_
LilTwist,from:LilTwist
AFI,from:AFI
aplusk,from:aplusk
Joseguillermo,from:Joseguillermo
RealDMitchell,from:RealDMitchell
coldplay,from:coldplay
didoofficial,from:didoofficial
keaneofficial,from:keaneofficial
djrap,from:djrap
PaulBrounMD,from:PaulBrounMD
KarlRove,from:KarlRove
DeSeanJackson11,from:DeSeanJackson11
freddurst,from:freddurst
serafinowicz,from:serafinowicz
katevoegele,from:katevoegele
JoeHockey,from:JoeHockey
tomgreenlive,from:tomgreenlive
st_vincent,from:st_vincent
jrich23,from:jrich23
solangeknowles,from:solangeknowles
neilhimself,from:neilhimself
JeffreeStar,from:JeffreeStar
johnlegend,from:johnlegend
TonyYayo,from:TonyYayo
50cent,from:50cent
Diddy,from:Diddy
MicheleBachmann,from:MicheleBachmann
phil_hellmuth,from:phil_hellmuth
tonibraxton,from:tonibraxton
Phillyfreezer,from:Phillyfreezer
JBARsodmg,from:JBARsodmg
ashleytisdale,from:ashleytisdale
Stanford,from:Stanford
MassGovernor,from:MassGovernor
matisyahu,from:matisyahu
Eve6,from:Eve6
Maestro,from:Maestro
TimWestwood,from:TimWestwood
taylorswift13,from:taylorswift13
stephanjenkins,from:stephanjenkins
Ludacris,from:Ludacris
yokoono,from:yokoono
FBI,from:FBI
boburnham,from:boburnham
marissamayer,from:marissamayer
SHAQ,from:SHAQ
toddbarry,from:toddbarry
honsocmusic,from:honsocmusic
frugalista,from:frugalista
algore,from:algore
NickKristof,from:NickKristof
lilyallen,from:lilyallen
GregYaitanes,from:GregYaitanes
KSMofficial,from:KSMofficial
CARE,from:CARE
DavidBlue,from:DavidBlue
souljaboy,from:souljaboy
EricHutchinson,from:EricHutchinson
lancearmstrong,from:lancearmstrong
NBCF,from:NBCF
Weezer,from:Weezer
dashboardmusic,from:dashboardmusic
MikeBloomberg,from:MikeBloomberg
theroser,from:theroser
IAMtheCOMMODORE,from:IAMtheCOMMODORE
RED,from:RED
britneyspears,from:britneyspears
DaveJMatthews,from:DaveJMatthews
henrymcmaster,from:henrymcmaster
MayorSlay,from:MayorSlay
margaretcho,from:margaretcho
StephenAtHome,from:StephenAtHome
BenWrightATL,from:BenWrightATL
petewentz,from:petewentz
cesarmillan,from:cesarmillan
RyanSeacrest,from:RyanSeacrest
livestrong,from:livestrong
lights,from:lights
chrisbosh,from:chrisbosh
meiko,from:meiko
Readygov,from:Readygov
MediaJonKlein,from:MediaJonKlein
TheEllenShow,from:TheEllenShow
CoryBooker,from:CoryBooker
hardwick,from:hardwick
donttrythis,from:donttrythis
TravelGov,from:TravelGov
greshambarrett,from:greshambarrett
PonandZi,from:PonandZi
stephenfry,from:stephenfry
jamiecullum,from:jamiecullum
andersoncooper,from:andersoncooper
PearlJam,from:PearlJam
Padmasree,from:Padmasree
benkweller,from:benkweller
PleasureEllis,from:PleasureEllis
AliBrown,from:AliBrown
jimmyeatworld,from:jimmyeatworld
questlove,from:questlove
nicovega,from:nicovega
Paula_Deen,from:Paula_Deen
paparoach,from:paparoach
AubreyODay,from:AubreyODay
KeithUrban,from:KeithUrban
imogenheap,from:imogenheap
octavianasr,from:octavianasr
brianstelter,from:brianstelter
AHMalcolm,from:AHMalcolm
thelittleidiot,from:thelittleidiot
martinamcbride,from:martinamcbride
jerrytrainor,from:jerrytrainor
genesimmons,from:genesimmons
TheDemocrats,from:TheDemocrats
Refugees,from:Refugees
ladygaga,from:ladygaga
thescript,from:thescript
UN,from:UN
WeAreTheUsed,from:WeAreTheUsed
randizuckerberg,from:randizuckerberg
JuliaAllison,from:JuliaAllison
imanfeels,from:imanfeels
NASA,from:NASA
GavinNewsom,from:GavinNewsom
benparr,from:benparr
amandapalmer,from:amandapalmer
StateDept,from:StateDept
xonecole,from:xonecole
GuyKawasaki,from:GuyKawasaki
bjork,from:bjork
howardlindzon,from:howardlindzon
shwayze,from:shwayze
SteveCase,from:SteveCase
MUTEMATH,from:MUTEMATH
azizansari,from:azizansari
MCHammer,from:MCHammer
robinthicke,from:robinthicke
SaraBareilles,from:SaraBareilles
JohnBoozman,from:JohnBoozman
DrowningPool,from:DrowningPool
PeterHamby,from:PeterHamby
AlisonSudol,from:AlisonSudol
myspacetom,from:myspacetom
michellebranch,from:michellebranch
SnoopDogg,from:SnoopDogg
timoreilly,from:timoreilly
mashable,from:mashable
BarackObama,from:BarackObama
pierre,from:pierre
loic,from:loic
kevinrose,from:kevinrose
khoi,from:khoi
Janina,from:Janina
briansolis,from:briansolis
Jason,from:Jason
